,GraduationPercentageRate,HouseholdIncome,FundingPerStudent,DropoutPercentageRate,Percentage of Minority Students,DistrictName
0,90,59328.0,23833.02,3,3.2,ADDISON CSD
1,92,63986.4,14013.61,5,1.7,ADIRONDACK CSD
2,83,54818.3,24128.02,10,8.9,AFTON CSD
3,95,76903.8,17552.56,3,17.5,AKRON CSD
4,71,61049.2,22382.65,12,80.2,ALBANY CITY SCHOOL DISTRICT
5,85,60784.3,15094.95,11,25.5,ALBION CSD
6,96,80543.8,16574.76,1,4.2,ALDEN CSD
7,95,67828.6,19435.51,2,6.5,ALEXANDER CSD
8,88,55344.5,21219.66,5,5.3,ALEXANDRIA CSD
9,100,51929.3,18461.16,0,9.7,ALFRED-ALMOND CSD
10,87,49249.8,16367.35,4,8.1,ALLEGANY-LIMESTONE CSD
11,82,62701.6,23307.26,9,6.4,ALTMAR-PARISH-WILLIAMSTOWN CSD
13,93,69733.7,15755.19,1,33.1,AMHERST CSD
14,85,109412.0,23455.51,7,95.4,AMITYVILLE UFSD
15,84,65237.6,17207.22,6,59.3,AMSTERDAM CITY SCHOOL DISTRICT
16,100,56633.9,38857.67,0,10.8,ANDES CSD
17,89,49658.6,24277.59,4,2.9,ANDOVER CSD
18,97,158208.7,25178.37,0,42.5,ARDSLEY UFSD
19,86,62666.2,23262.18,11,5.4,ARGYLE CSD
20,100,57429.4,19505.93,0,6.1,ARKPORT CSD
21,91,90955.7,21035.77,3,34.4,ARLINGTON CSD
22,91,66734.2,20326.08,2,4.7,ATTICA CSD
23,76,51517.0,15909.72,12,23.0,AUBURN CITY SCHOOL DISTRICT
24,88,72556.1,23515.55,11,3.4,AUSABLE VALLEY CSD
25,94,84931.2,18170.81,3,8.7,AVERILL PARK CSD
26,95,49992.2,23182.35,3,6.9,AVOCA CSD
27,93,75221.8,15986.52,2,11.9,AVON CSD
28,96,112620.0,29037.85,0,24.2,BABYLON UFSD
29,96,51899.9,18604.94,0,9.6,BAINBRIDGE-GUILFORD CSD
30,95,98237.4,24058.03,0,87.9,BALDWIN UFSD
31,93,70991.0,16551.37,4,12.4,BALDWINSVILLE CSD
32,89,86613.8,17822.98,6,8.3,BALLSTON SPA CSD
33,92,62311.7,20097.18,2,12.4,BARKER CSD
34,94,60567.0,19357.91,2,27.9,BATAVIA CITY SCHOOL DISTRICT
35,90,52368.6,14747.3,6,4.0,BATH CSD
36,87,116545.0,23456.92,4,72.2,BAY SHORE UFSD
37,98,110745.8,30894.87,0,15.0,BAYPORT-BLUE POINT UFSD
38,88,84118.3,20683.23,6,55.3,BEACON CITY SCHOOL DISTRICT
39,91,52416.5,15124.46,1,2.6,BEAVER RIVER CSD
40,86,151156.8,29882.43,4,48.4,BEDFORD CSD
41,94,60106.7,15225.58,3,5.5,BEEKMANTOWN CSD
42,81,51402.3,22753.52,0,4.0,BELFAST CSD
46,98,54523.0,17784.12,2,3.7,BEMUS POINT CSD
48,82,79717.4,24974.93,13,3.6,BERLIN CSD
49,92,77819.2,24220.44,1,6.0,BERNE-KNOX-WESTERLO CSD
50,94,89023.7,17185.56,3,16.0,BETHLEHEM CSD
51,95,130513.4,26750.9,1,37.3,BETHPAGE UFSD
52,73,48095.0,20117.55,16,58.3,BINGHAMTON CITY SCHOOL DISTRICT
53,99,125493.0,27396.38,0,22.3,BLIND BROOK-RYE UFSD
54,94,52773.8,21660.27,5,3.0,BOLIVAR-RICHBURG CSD
55,86,82051.0,38860.88,0,10.1,BOLTON CSD
57,97,57434.0,25011.05,3,2.5,BRADFORD CSD
58,86,52303.6,18091.67,8,6.2,BRASHER FALLS CSD
59,76,98721.0,19390.0,12,97.1,BRENTWOOD UFSD
60,88,103172.7,26271.8,6,49.2,BREWSTER CSD
61,97,166958.5,30106.31,1,32.4,BRIARCLIFF MANOR UFSD
62,86,115114.0,60852.77,7,77.5,BRIDGEHAMPTON UFSD
63,95,79012.8,18309.26,1,32.0,BRIGHTON CSD
64,90,59113.8,16438.42,6,5.1,BROADALBIN-PERTH CSD
65,91,68815.6,19153.63,2,20.5,BROCKPORT CSD
66,88,54416.2,22092.47,7,18.1,BROCTON CSD
67,97,108142.0,25738.45,0,19.9,BRONXVILLE UFSD
68,82,57008.2,24173.83,14,1.4,BROOKFIELD CSD
69,92,118550.6,22056.41,4,41.8,BROOKHAVEN-COMSEWOGUE UFSD
70,88,80701.6,17579.17,4,10.5,BRUNSWICK CSD (BRITTONKILL)
71,83,52123.4,20707.52,5,2.8,BRUSHTON-MOIRA CSD
72,76,43318.8,18959.77,12,81.0,BUFFALO CITY SCHOOL DISTRICT
73,96,89112.3,17703.0,2,7.9,BURNT HILLS-BALLSTON LAKE CSD
74,99,147694.3,34560.05,0,17.1,BYRAM HILLS CSD
75,98,66222.8,21604.84,1,11.5,BYRON-BERGEN CSD
76,92,63166.3,21073.84,5,18.7,CAIRO-DURHAM CSD
77,97,66146.2,18494.78,1,6.8,CALEDONIA-MUMFORD CSD
78,93,75838.3,20247.7,6,7.8,CAMBRIDGE CSD
79,86,61254.1,19020.69,6,6.1,CAMDEN CSD
80,95,56361.8,20618.32,3,5.4,CAMPBELL-SAVONA CSD
81,94,59828.0,21495.74,4,6.2,CANAJOHARIE CSD
82,92,72225.6,17678.85,4,12.7,CANANDAIGUA CITY SCHOOL DISTRICT
83,71,56816.0,24196.83,18,5.5,CANASERAGA CSD
84,84,72601.0,17657.1,7,10.0,CANASTOTA CSD
85,93,60132.5,19391.18,3,7.2,CANDOR CSD
86,93,50768.0,22874.26,4,4.3,CANISTEO-GREENWOOD CSD
87,82,54204.0,20152.15,1,7.3,CANTON CSD
88,98,104753.3,32591.09,0,35.4,CARLE PLACE UFSD
89,92,110606.5,27298.65,3,37.6,CARMEL CSD
90,89,53290.6,17149.15,5,25.9,CARTHAGE CSD
91,88,55387.6,20862.54,7,6.0,CASSADAGA VALLEY CSD
92,89,64765.8,18088.09,5,8.1,CATO-MERIDIAN CSD
93,91,58658.8,24088.35,4,32.9,CATSKILL CSD
94,93,52411.0,19362.54,4,6.9,CATTARAUGUS-LITTLE VALLEY CSD
95,94,69543.9,17708.25,2,6.0,CAZENOVIA CSD
96,93,99102.0,24593.36,1,26.8,CENTER MORICHES UFSD
97,88,101402.4,21656.92,1,96.1,CENTRAL ISLIP UFSD
98,87,67685.7,17310.54,8,6.1,CENTRAL SQUARE CSD
100,99,171975.0,29069.23,0,25.9,CHAPPAQUA CSD
102,97,56603.8,20495.72,3,1.3,CHATEAUGAY CSD
103,94,80405.8,25024.45,4,13.0,CHATHAM CSD
104,85,57115.6,23416.94,3,5.1,CHAUTAUQUA LAKE CSD
105,94,63384.5,19209.93,6,5.7,CHAZY UFSD
106,87,47551.0,16544.11,7,60.4,CHEEKTOWAGA CSD
107,87,58342.0,15434.4,5,27.8,CHEEKTOWAGA-MARYVALE UFSD
108,86,47314.8,19755.19,5,23.5,CHEEKTOWAGA-SLOAN UFSD
109,93,50343.4,18273.44,0,7.8,CHENANGO FORKS CSD
110,91,47896.4,18101.82,5,10.7,CHENANGO VALLEY CSD
111,79,57554.8,24150.04,3,2.1,CHERRY VALLEY-SPRINGFIELD CSD
112,90,101327.0,24039.21,1,53.5,CHESTER UFSD
113,90,78756.5,17253.94,3,8.4,CHITTENANGO CSD
114,91,74812.2,15793.94,2,23.1,CHURCHVILLE-CHILI CSD
115,90,54469.2,21748.43,5,2.3,CINCINNATUS CSD
116,95,89974.1,15613.47,2,12.1,CLARENCE CSD
117,95,124982.3,22878.82,1,42.0,CLARKSTOWN CSD
118,85,53987.0,18076.74,6,52.4,CLEVELAND HILL UFSD
119,77,46749.0,28678.72,0,8.3,CLIFTON-FINE CSD
120,96,71630.0,17575.94,1,9.2,CLINTON CSD
121,78,53507.6,21555.55,17,15.1,CLYDE-SAVANNAH CSD
122,93,53945.6,21086.05,0,9.4,CLYMER CSD
123,93,57302.2,20054.26,3,10.0,COBLESKILL-RICHMONDVILLE CSD
124,84,60444.0,17770.18,11,28.9,COHOES CITY SCHOOL DISTRICT
125,99,140247.0,33287.48,0,13.9,COLD SPRING HARBOR CSD
126,94,56456.8,22481.64,0,0.6,COLTON-PIERREPONT CSD
127,97,122854.0,26170.47,0,23.3,COMMACK UFSD
128,95,108287.0,28395.35,2,26.7,CONNETQUOT CSD
129,99,63359.0,19740.77,1,8.8,COOPERSTOWN CSD
130,100,61598.0,18762.25,0,7.6,COPENHAGEN CSD
131,89,99989.2,18858.63,7,87.7,COPIAGUE UFSD
132,86,77271.8,15265.53,6,4.8,CORINTH CSD
133,88,64176.9,19702.53,6,13.5,CORNING CITY SCHOOL DISTRICT
134,96,112038.0,18883.36,3,35.5,CORNWALL CSD
135,80,61464.0,18587.04,7,15.1,CORTLAND CITY SCHOOL DISTRICT
136,82,68206.2,20955.92,7,15.5,COXSACKIE-ATHENS CSD
137,96,111839.3,23468.52,0,28.7,CROTON-HARMON UFSD
138,95,55082.8,20638.87,5,0.7,CROWN POINT CSD
139,92,53610.3,19895.03,0,5.0,CUBA-RUSHFORD CSD
140,98,54371.9,20242.29,0,2.5,DALTON-NUNDA CSD (KESHEQUA)
141,85,63313.4,17846.3,10,6.7,DANSVILLE CSD
142,92,105121.5,24053.21,1,63.6,DEER PARK UFSD
144,85,67225.3,16749.58,5,14.9,DEPEW UFSD
145,97,51873.2,26448.82,3,3.9,DEPOSIT CSD
146,88,55705.4,24461.18,6,7.4,DERUYTER CSD
147,99,154429.5,27547.73,0,35.2,DOBBS FERRY UFSD
148,87,57175.7,17450.78,9,1.5,DOLGEVILLE CSD
149,84,79784.3,20364.65,6,38.3,DOVER UFSD
150,85,56483.2,36396.35,8,7.7,DOWNSVILLE CSD
151,68,62437.3,22428.41,14,15.8,DRYDEN CSD
152,98,78887.5,18262.05,2,6.1,DUANESBURG CSD
153,68,56795.0,20317.42,23,8.5,DUNDEE CSD
154,71,49307.5,21073.97,19,64.0,DUNKIRK CITY SCHOOL DISTRICT
155,97,83121.0,14972.77,1,5.6,EAST AURORA UFSD
156,94,75579.9,19459.4,2,8.5,EAST BLOOMFIELD CSD
157,96,82376.9,17840.81,2,21.1,EAST GREENBUSH CSD
158,83,118018.0,32627.14,9,62.6,EAST HAMPTON UFSD
159,90,51098.0,21188.16,6,55.6,EAST IRONDEQUOIT CSD
160,95,114191.2,27025.08,2,27.2,EAST ISLIP UFSD
161,95,119341.0,24954.87,0,51.7,EAST MEADOW UFSD
164,65,96434.0,20759.17,20,96.6,EAST RAMAPO CSD (SPRING VALLEY)
165,80,90799.5,21751.23,8,27.3,EAST ROCHESTER UFSD
166,96,110850.0,27495.82,1,40.2,EAST ROCKAWAY UFSD
168,99,149491.6,29899.6,0,42.4,EAST WILLISTON UFSD
169,99,151468.3,23455.55,0,32.9,EASTCHESTER UFSD
170,96,94368.2,23188.7,2,13.6,EASTPORT-SOUTH MANOR CSD
171,88,66202.6,17729.04,3,6.6,EDEN CSD
172,98,152328.0,26154.46,0,54.8,EDGEMONT UFSD
174,91,63899.9,21675.32,3,5.4,EDMESTON CSD
175,83,52895.5,20184.28,5,2.7,EDWARDS-KNOX CSD
176,80,61557.8,21297.72,16,20.6,ELBA CSD
177,88,61916.9,27604.29,2,14.4,ELDRED CSD
178,81,67510.3,26476.75,11,53.8,ELLENVILLE CSD
179,92,55898.0,17000.21,3,8.5,ELLICOTTVILLE CSD
180,73,55970.0,18365.57,16,28.6,ELMIRA CITY SCHOOL DISTRICT
181,88,55534.8,17766.08,6,12.8,ELMIRA HEIGHTS CSD
183,89,127944.5,28619.63,1,91.9,ELMSFORD UFSD
184,98,131034.0,25149.52,1,37.1,ELWOOD UFSD
185,90,57504.4,21444.49,6,22.8,EVANS-BRANT CSD (LAKE SHORE)
186,92,76135.7,23378.61,0,5.6,FABIUS-POMPEY CSD
187,94,89395.4,18288.31,2,14.9,FAIRPORT CSD
188,90,50546.3,15754.62,5,6.0,FALCONER CSD
189,79,55982.8,8070.27,8,71.5,FALLSBURG CSD
190,95,114446.2,26389.39,3,41.0,FARMINGDALE UFSD
191,96,85551.3,17546.6,0,19.8,FAYETTEVILLE-MANLIUS CSD
192,96,52211.4,16259.19,2,4.2,FILLMORE CSD
194,90,46250.0,53804.95,0,14.8,FISHERS ISLAND UFSD
196,97,102833.2,24475.23,1,39.4,FLORIDA UFSD
197,92,61968.5,17693.4,6,7.1,FONDA-FULTONVILLE CSD
198,90,54393.7,19092.34,4,14.1,FORESTVILLE CSD
199,81,76262.0,23523.79,8,6.9,FORT ANN CSD
200,74,63169.0,22672.08,21,8.8,FORT EDWARD UFSD
201,86,50001.0,20887.78,2,12.9,FORT PLAIN CSD
202,90,56040.0,17334.49,1,6.8,FRANKFORT-SCHUYLER CSD
203,100,50803.9,24410.51,0,9.8,FRANKLIN CSD
205,83,53930.1,25123.2,6,7.9,FRANKLINVILLE CSD
206,96,51986.5,17255.21,2,20.7,FREDONIA CSD
207,86,118306.2,21484.73,2,94.5,FREEPORT UFSD
208,94,49021.5,17462.27,2,6.0,FREWSBURG CSD
209,78,47778.0,29150.45,9,9.2,FRIENDSHIP CSD
210,91,74888.2,14894.51,3,11.8,FRONTIER CSD
211,84,60755.8,19719.91,10,10.3,FULTON CITY SCHOOL DISTRICT
212,87,76572.4,18867.04,6,1.1,GALWAY CSD
213,90,81453.0,18478.74,5,15.2,GANANDA CSD
214,98,135299.7,23500.03,0,16.0,GARDEN CITY UFSD
217,93,62807.6,13567.3,4,6.0,GENERAL BROWN CSD
218,90,53666.6,23997.0,8,5.0,GENESEE VALLEY CSD
219,93,59282.2,18482.09,3,17.5,GENESEO CSD
220,88,58524.2,20180.79,9,57.1,GENEVA CITY SCHOOL DISTRICT
222,93,70628.0,5403.88,7,14.0,GERMANTOWN CSD
223,92,54588.6,23117.52,3,3.8,GILBERTSVILLE-MOUNT UPTON CSD
224,100,56186.1,26541.08,0,4.8,GILBOA-CONESVILLE CSD
225,87,114053.5,22819.95,4,75.5,GLEN COVE CITY SCHOOL DISTRICT
226,84,66618.0,17131.9,8,14.4,GLENS FALLS CITY SCHOOL DISTRICT
228,68,53646.4,18618.2,17,20.0,GLOVERSVILLE CITY SCHOOL DISTRICT
230,96,95000.0,22102.68,0,22.4,GOSHEN CSD
231,84,52115.0,18367.44,9,3.9,GOUVERNEUR CSD
232,82,53409.3,24073.62,14,35.7,GOWANDA CSD
233,95,90386.0,17396.91,2,15.2,GRAND ISLAND CSD
234,79,56732.8,18308.97,11,5.3,GRANVILLE CSD
235,93,140796.2,28782.39,2,56.0,GREAT NECK UFSD
236,93,56750.0,16901.72,0,42.1,GREECE CSD
237,86,49862.0,23487.08,11,19.0,GREEN ISLAND UFSD
238,93,124601.7,34414.7,0,87.9,GREENBURGH CSD
242,89,51063.7,20546.04,6,5.3,GREENE CSD
243,75,79762.3,24403.49,20,72.7,GREENPORT UFSD
244,87,75317.5,23538.21,3,4.4,GREENVILLE CSD
245,91,77175.9,18651.65,1,5.1,GREENWICH CSD
247,90,65364.8,19387.04,3,8.9,GROTON CSD
248,94,75045.1,17693.96,2,26.5,GUILDERLAND CSD
249,89,62414.7,25299.07,7,4.4,HADLEY-LUZERNE CSD
250,93,104061.0,25957.28,3,17.2,HALDANE CSD
251,95,117510.1,27791.97,1,47.2,HALF HOLLOW HILLS CSD
252,92,79445.8,17076.46,3,7.0,HAMBURG CSD
253,90,56966.8,20603.59,5,8.7,HAMILTON CSD
254,74,58918.5,26123.36,16,1.2,HAMMOND CSD
255,76,51205.8,27744.76,11,7.3,HAMMONDSPORT CSD
256,91,92699.8,21642.94,6,63.1,HAMPTON BAYS UFSD
257,97,54114.0,29004.88,3,9.4,HANCOCK CSD
258,82,54135.2,19515.27,10,4.0,HANNIBAL CSD
259,95,135911.0,24499.74,1,28.1,HARBORFIELDS CSD
260,84,56108.6,21205.12,3,4.7,HARPURSVILLE CSD
261,98,137353.5,28893.27,1,35.2,HARRISON CSD
262,91,50445.0,25442.94,9,5.6,HARRISVILLE CSD
263,83,57991.9,21509.8,7,6.3,HARTFORD CSD
264,96,137899.0,27795.13,1,28.5,HASTINGS-ON-HUDSON UFSD
265,95,111789.0,28953.45,0,27.8,HAUPPAUGE UFSD
268,78,107137.0,21489.7,10,98.5,HEMPSTEAD UFSD
269,94,105085.0,28567.9,1,44.2,HENDRICK HUDSON CSD
270,82,57833.3,16820.51,9,10.7,HERKIMER CSD
271,91,50376.5,21992.93,6,3.8,HERMON-DEKALB CSD
272,97,160936.3,25834.33,0,75.3,HERRICKS UFSD
273,75,50010.7,21354.54,8,4.0,HEUVELTON CSD
274,95,133385.8,32708.8,1,37.6,HEWLETT-WOODMERE UFSD
275,92,133881.8,21799.6,4,74.2,HICKSVILLE UFSD
276,93,66984.0,22380.21,4,30.3,HIGHLAND CSD
277,87,102260.4,23505.03,8,41.9,HIGHLAND FALLS CSD
278,94,66139.1,15641.88,1,12.0,HILTON CSD
279,77,50180.5,20616.41,20,8.5,HINSDALE CSD
280,95,67787.8,18196.59,2,4.7,HOLLAND CSD
281,88,72809.5,18430.98,5,1.1,HOLLAND PATENT CSD
282,94,59784.2,19510.21,2,16.2,HOLLEY CSD
283,88,75074.7,18818.88,6,6.7,HOMER CSD
284,94,66354.9,23910.02,0,3.3,HONEOYE CSD
285,94,84392.4,17749.56,2,8.1,HONEOYE FALLS-LIMA CSD
286,92,79609.8,18681.68,3,4.2,HOOSIC VALLEY CSD
287,90,71795.4,18103.91,3,8.1,HOOSICK FALLS CSD
288,86,47783.0,18297.48,4,14.8,HORNELL CITY SCHOOL DISTRICT
289,92,60256.2,16537.38,3,13.2,HORSEHEADS CSD
290,80,65495.2,24261.33,7,60.0,HUDSON CITY SCHOOL DISTRICT
291,79,64791.0,14076.68,13,10.2,HUDSON FALLS CSD
292,85,69565.5,30553.49,4,19.0,HUNTER-TANNERSVILLE CSD
293,90,131281.5,23794.52,2,65.3,HUNTINGTON UFSD
294,88,81705.0,23435.59,6,40.6,HYDE PARK CSD
295,89,59063.0,43135.85,0,7.0,INDIAN LAKE CSD
296,87,53606.0,19354.3,7,34.3,INDIAN RIVER CSD
297,98,76619.7,20509.11,1,5.4,IROQUOIS CSD
298,92,131104.0,29339.93,0,31.7,IRVINGTON UFSD
300,95,125811.7,24009.41,2,37.0,ISLAND TREES UFSD
301,97,95089.0,26255.56,3,43.0,ISLIP UFSD
302,87,62676.5,20297.74,3,35.8,ITHACA CITY SCHOOL DISTRICT
303,74,42558.0,15641.5,14,38.3,JAMESTOWN CITY SCHOOL DISTRICT
304,94,76430.0,18413.64,2,26.6,JAMESVILLE-DEWITT CSD
305,90,52934.1,26007.34,5,2.2,JASPER-TROUPSBURG CSD
306,92,53163.7,26743.1,4,4.6,JEFFERSON CSD
307,96,152512.6,33337.94,0,70.5,JERICHO UFSD
308,89,57142.7,27133.01,11,3.7,JOHNSBURG CSD
309,90,48683.2,18386.55,5,44.0,JOHNSON CITY CSD
310,88,53323.0,15993.37,3,8.2,JOHNSTOWN CITY SCHOOL DISTRICT
311,94,70367.4,18668.5,5,5.4,JORDAN-ELBRIDGE CSD
312,94,161824.5,32363.39,1,20.9,KATONAH-LEWISBORO UFSD
313,92,73752.5,34485.18,8,8.3,KEENE CSD
314,98,60086.7,18527.39,0,10.1,KENDALL CSD
315,88,54324.2,19948.14,5,26.4,KENMORE-TONAWANDA UFSD
317,97,123713.0,25791.61,0,16.0,KINGS PARK CSD
318,87,75186.3,22986.93,8,48.6,KINGSTON CITY SCHOOL DISTRICT
320,95,56007.7,17047.91,5,6.7,LA FARGEVILLE CSD
321,82,48455.0,17378.83,14,35.7,LACKAWANNA CITY SCHOOL DISTRICT
322,94,68715.4,25122.89,0,40.3,LAFAYETTE CSD
323,96,81180.8,28540.5,2,8.2,LAKE GEORGE CSD
324,88,61918.0,26784.06,2,6.3,LAKE PLACID CSD
326,92,119432.4,24687.8,1,36.9,LAKELAND CSD
327,95,68643.5,14140.1,0,8.6,LANCASTER CSD
328,90,69399.6,21726.47,1,19.8,LANSING CSD
329,85,57325.0,18039.45,9,43.8,LANSINGBURGH CSD
330,84,56726.6,23669.72,8,11.6,LAURENS CSD
331,78,109532.4,27720.33,11,87.4,LAWRENCE UFSD
332,90,67910.2,16863.6,5,8.2,LE ROY CSD
333,94,54844.2,17015.69,0,4.0,LETCHWORTH CSD
334,94,136470.7,26952.8,1,36.4,LEVITTOWN UFSD
335,92,61757.5,18690.08,4,9.2,LEWISTON-PORTER CSD
336,77,57930.5,23182.34,14,58.3,LIBERTY CSD
337,91,99576.0,23636.09,4,34.9,LINDENHURST UFSD
338,92,55901.5,20676.12,0,2.5,LISBON CSD
339,79,54676.2,19877.83,17,10.0,LITTLE FALLS CITY SCHOOL DISTRICT
341,84,70631.3,18169.54,5,28.7,LIVERPOOL CSD
342,74,63833.2,30012.19,10,20.5,LIVINGSTON MANOR CSD
343,98,66544.8,19693.89,1,5.9,LIVONIA CSD
344,89,60823.0,18128.21,2,29.5,LOCKPORT CITY SCHOOL DISTRICT
345,97,123948.4,37089.06,0,26.8,LOCUST VALLEY CSD
346,97,112522.0,31355.75,1,41.9,LONG BEACH CITY SCHOOL DISTRICT
348,89,98875.1,21996.25,5,54.6,LONGWOOD CSD
350,95,62542.2,19158.07,5,6.9,LYME CSD
351,97,115458.2,26396.92,1,32.9,LYNBROOK UFSD
353,96,54853.2,20760.99,4,12.1,LYNDONVILLE CSD
354,74,53364.0,25724.35,14,25.5,LYONS CSD
355,94,61093.7,18344.65,3,1.8,MADISON CSD
356,93,60148.9,19452.88,2,3.5,MADRID-WADDINGTON CSD
357,94,110562.0,26934.25,2,28.5,MAHOPAC CSD
358,89,55963.2,15937.75,7,12.4,MAINE-ENDWELL CSD
359,87,58174.6,20754.3,4,3.4,MALONE CSD
360,92,124833.8,28071.16,3,82.0,MALVERNE UFSD
361,94,144161.5,22853.8,2,32.2,MAMARONECK UFSD
363,98,146793.2,25655.38,0,35.9,MANHASSET UFSD
364,98,59716.7,21017.92,0,3.4,MARATHON CSD
365,92,76931.4,19566.23,3,4.9,MARCELLUS CSD
366,88,58460.8,25293.61,8,29.4,MARGARETVILLE CSD
367,86,68890.7,22443.32,4,13.2,MARION CSD
368,91,77276.4,21764.9,4,37.2,MARLBORO CSD
369,98,133976.5,25406.75,1,10.6,MASSAPEQUA UFSD
370,84,51442.0,16440.97,7,14.3,MASSENA CSD
371,93,97980.4,31170.72,1,23.0,MATTITUCK-CUTCHOGUE UFSD
372,90,58933.3,18856.31,4,6.2,MAYFIELD CSD
373,89,59645.8,18417.53,5,4.6,MCGRAW CSD
374,94,75677.8,16937.42,4,11.2,MECHANICVILLE CITY SCHOOL DISTRICT
375,84,57023.6,18543.05,8,22.6,MEDINA CSD
378,90,62851.0,21774.73,3,5.7,MEXICO CSD
379,91,109711.9,22520.78,4,40.8,MIDDLE COUNTRY CSD
380,93,64995.6,26103.54,4,3.2,MIDDLEBURGH CSD
381,83,86565.0,19264.71,9,87.3,MIDDLETOWN CITY SCHOOL DISTRICT
382,88,63726.3,24297.78,4,4.2,MILFORD CSD
383,96,83433.0,26186.89,0,22.0,MILLBROOK CSD
384,97,119062.3,24358.13,1,14.5,MILLER PLACE UFSD
385,94,131102.6,28437.39,2,49.2,MINEOLA UFSD
386,40,54737.5,41834.28,20,7.1,MINERVA CSD
387,89,82132.6,19866.22,1,25.9,MINISINK VALLEY CSD
388,91,106537.3,21906.32,4,52.5,MONROE-WOODBURY CSD
390,83,67153.5,23954.2,7,58.2,MONTICELLO CSD
391,84,65803.2,18050.12,9,4.2,MORAVIA CSD
392,89,44562.4,20297.03,6,0.8,MORIAH CSD
393,77,62279.2,23527.09,0,8.7,MORRIS CSD
394,82,52118.4,21795.55,14,4.3,MORRISTOWN CSD
395,88,63390.0,20737.05,8,7.7,MORRISVILLE-EATON CSD
396,86,60102.3,19200.39,8,3.9,MOUNT MARKHAM CSD
403,94,107895.2,25962.31,1,53.1,NANUET UFSD
404,87,58002.9,17557.81,4,3.0,NAPLES CSD
405,97,62441.1,17848.92,1,14.8,NEW HARTFORD CSD
407,92,87238.2,9766.29,5,7.8,NEW LEBANON CSD
408,94,69680.6,25094.98,3,24.7,NEW PALTZ CSD
409,80,147819.1,22932.93,3,74.9,NEW ROCHELLE CITY SCHOOL DISTRICT
411,88,55895.2,20106.84,9,29.7,NEWARK CSD
412,88,61204.4,18004.61,5,4.4,NEWARK VALLEY CSD
413,78,77814.0,21654.67,10,83.4,NEWBURGH CITY SCHOOL DISTRICT
414,100,44688.0,59290.5,0,5.9,NEWCOMB CSD
415,92,60037.5,20242.16,5,7.3,NEWFANE CSD
416,84,59421.7,22438.23,6,19.5,NEWFIELD CSD
417,64,40596.2,16647.7,24,61.0,NIAGARA FALLS CITY SCHOOL DISTRICT
418,90,62356.5,17860.17,5,21.1,NIAGARA-WHEATFIELD CSD
419,94,85111.4,15876.85,1,31.3,NISKAYUNA CSD
420,93,109923.6,25157.29,4,64.0,NORTH BABYLON UFSD
422,92,62133.5,21209.35,4,9.1,NORTH COLLINS CSD
423,93,70709.1,16378.28,3,37.1,NORTH COLONIE CSD
426,87,56033.2,21632.65,6,13.3,NORTH ROSE-WOLCOTT CSD
427,96,122803.6,34752.96,2,25.9,NORTH SALEM CSD
428,96,127171.8,36171.47,0,23.1,NORTH SHORE CSD
429,87,69545.3,15859.19,5,19.1,NORTH SYRACUSE CSD
430,86,69119.0,17409.1,7,10.9,NORTH TONAWANDA CITY SCHOOL DISTRICT
431,92,61106.2,22431.62,5,8.9,NORTH WARREN CSD
432,87,73045.2,26227.2,6,30.5,NORTHEAST CSD
433,81,56574.2,22148.23,9,4.2,NORTHEASTERN CLINTON CSD
434,86,56522.2,25473.35,9,1.0,NORTHERN ADIRONDACK CSD
435,96,131766.0,28285.29,2,19.0,NORTHPORT-EAST NORTHPORT UFSD
436,94,59445.5,20631.26,3,8.1,NORTHVILLE CSD
437,86,53188.4,18999.6,4,9.4,NORWICH CITY SCHOOL DISTRICT
438,90,54853.2,20364.35,5,3.8,NORWOOD-NORFOLK CSD
440,91,124980.7,24606.88,5,57.8,NYACK UFSD
474,85,60528.5,18394.15,3,6.7,OAKFIELD-ALABAMA CSD
475,94,115829.3,22535.44,0,29.4,OCEANSIDE UFSD
476,93,57681.7,18234.83,4,6.6,ODESSA-MONTOUR CSD
477,80,53915.0,22365.24,12,2.0,OGDENSBURG CITY SCHOOL DISTRICT
478,74,47782.0,18698.78,10,18.6,OLEAN CITY SCHOOL DISTRICT
479,85,63358.4,18768.6,9,11.6,ONEIDA CITY SCHOOL DISTRICT
480,84,53729.0,17884.13,7,21.6,ONEONTA CITY SCHOOL DISTRICT
481,90,71562.8,19020.04,6,27.3,ONONDAGA CSD
482,87,68467.2,38615.96,4,25.3,ONTEORA CSD
484,97,73334.8,18291.68,0,7.4,ORCHARD PARK CSD
485,92,69966.8,20301.77,2,8.1,ORISKANY CSD
486,80,127406.3,22422.6,2,79.6,OSSINING UFSD
487,81,58733.3,19998.39,8,10.3,OSWEGO CITY SCHOOL DISTRICT
488,87,57785.5,21458.71,5,11.9,OTEGO-UNADILLA CSD
490,92,64451.6,18179.7,3,5.0,OWEGO-APALACHIN CSD
492,95,127665.7,31106.27,3,36.9,OYSTER BAY-EAST NORWICH CSD
494,91,75147.0,18477.61,7,7.4,PALMYRA-MACEDON CSD
495,100,56309.8,21679.03,0,5.5,PANAMA CSD
496,97,52445.8,25102.89,0,1.1,PARISHVILLE-HOPKINTON CSD
497,86,104073.8,22688.05,4,56.0,PATCHOGUE-MEDFORD UFSD
498,83,63204.1,21512.28,11,5.2,PAVILION CSD
499,93,106711.7,28302.88,0,29.4,PAWLING CSD
500,96,133580.0,23852.0,1,23.1,PEARL RIVER UFSD
501,80,98254.5,22977.07,8,93.1,PEEKSKILL CITY SCHOOL DISTRICT
502,98,107724.7,22511.94,0,34.7,PELHAM UFSD
503,92,64466.6,21102.75,2,6.5,PEMBROKE CSD
504,97,76003.1,16744.56,1,17.6,PENFIELD CSD
505,87,56688.6,22166.64,8,7.5,PENN YAN CSD
506,92,58877.4,18437.89,3,9.8,PERRY CSD
507,89,64691.1,21325.68,7,5.8,PERU CSD
508,85,61560.7,18223.93,11,10.5,PHELPS-CLIFTON SPRINGS CSD
509,87,70405.7,21337.44,8,5.2,PHOENIX CSD
510,91,91832.3,20058.09,4,30.7,PINE BUSH CSD
511,89,77546.2,28458.63,5,21.6,PINE PLAINS CSD
512,66,52078.8,24415.35,15,9.7,PINE VALLEY CSD (SOUTH DAYTON)
513,98,90935.4,19861.85,0,26.9,PITTSFORD CSD
514,95,125001.0,26342.58,0,13.8,PLAINEDGE UFSD
515,96,150691.0,26869.5,0,33.7,PLAINVIEW-OLD BETHPAGE CSD
516,84,63237.0,21291.56,8,14.2,PLATTSBURGH CITY SCHOOL DISTRICT
517,93,156774.0,25303.29,1,24.3,PLEASANTVILLE UFSD
519,93,66199.2,23870.17,7,7.0,POLAND CSD
520,86,58286.6,23478.26,4,5.5,PORT BYRON CSD
521,82,147261.5,17876.84,5,87.4,PORT CHESTER-RYE UFSD
522,96,133935.3,35628.81,1,23.9,PORT JEFFERSON UFSD
523,86,71534.5,25319.9,6,34.2,PORT JERVIS CITY SCHOOL DISTRICT
524,93,131163.0,25331.03,2,37.0,PORT WASHINGTON UFSD
525,95,49672.6,14307.29,3,6.6,PORTVILLE CSD
526,95,61014.0,20234.62,3,8.9,POTSDAM CSD
527,60,68081.0,21427.37,19,93.7,POUGHKEEPSIE CITY SCHOOL DISTRICT
528,84,49466.2,18240.82,4,8.1,PRATTSBURGH CSD
529,87,57120.5,20825.86,4,3.8,PULASKI CSD
531,97,117689.0,26817.67,1,31.5,PUTNAM VALLEY CSD
532,90,62680.8,16548.22,3,7.0,QUEENSBURY UFSD
535,99,47460.4,18397.12,0,11.0,RANDOLPH CSD
536,88,78473.9,18848.63,6,19.1,RAVENA-COEYMANS-SELKIRK CSD
537,88,54821.5,21345.38,10,5.0,RED CREEK CSD
538,91,86355.9,24227.11,4,16.5,RED HOOK CSD
539,87,71187.4,26257.19,0,3.5,REMSEN CSD
541,84,77000.0,17978.0,5,44.6,RENSSELAER CITY SCHOOL DISTRICT
542,93,89250.5,30026.67,1,16.9,RHINEBECK CSD
543,92,57788.7,24034.39,8,5.5,RICHFIELD SPRINGS CSD
545,76,82145.0,18810.89,13,67.0,RIVERHEAD CSD
546,68,53004.4,19885.5,13,90.4,ROCHESTER CITY SCHOOL DISTRICT
547,98,107137.0,29490.95,0,26.5,ROCKVILLE CENTRE UFSD
548,95,119852.8,24991.0,4,22.1,ROCKY POINT UFSD
549,82,64102.1,17823.87,8,21.0,ROME CITY SCHOOL DISTRICT
550,82,55966.8,20890.39,6,11.1,ROMULUS CSD
551,88,71359.3,28695.99,8,15.9,RONDOUT VALLEY CSD
552,75,112783.2,20300.43,16,99.9,ROOSEVELT UFSD
553,89,55007.2,30693.78,0,13.6,ROSCOE CSD
554,99,165746.0,29181.7,1,32.2,ROSLYN UFSD
555,91,63371.0,15118.77,3,23.9,ROTTERDAM-MOHONASEN CSD
556,86,60713.0,34739.37,0,4.2,ROXBURY CSD
557,92,68789.0,16056.73,6,8.7,ROYALTON-HARTLAND CSD
558,92,85732.0,19635.2,3,42.6,RUSH-HENRIETTA CSD
559,96,140148.3,25422.18,0,20.6,RYE CITY SCHOOL DISTRICT
560,93,146139.0,22836.77,1,37.5,RYE NECK UFSD
561,94,108960.8,20861.5,2,30.0,SACHEM CSD
562,90,62790.8,18003.63,5,10.8,SACKETS HARBOR CSD
563,89,98489.0,38192.07,3,27.7,SAG HARBOR UFSD
565,79,45555.2,24617.42,3,50.5,SALAMANCA CITY SCHOOL DISTRICT
566,78,66846.8,19489.37,12,5.3,SALEM CSD
567,85,48057.6,26274.61,6,67.7,SALMON RIVER CSD
568,90,57632.4,25117.81,3,4.6,SANDY CREEK CSD
569,90,62700.3,22036.63,7,3.6,SARANAC CSD
570,93,63221.1,24587.99,4,2.8,SARANAC LAKE CSD
571,92,84608.2,17059.93,4,11.8,SARATOGA SPRINGS CITY SCHOOL DISTRICT
572,84,57250.5,21994.66,10,24.6,SAUGERTIES CSD
573,93,67379.9,17140.41,3,7.6,SAUQUOIT VALLEY CSD
574,97,116648.0,27033.14,0,12.9,SAYVILLE UFSD
575,98,151912.0,28842.09,1,36.4,SCARSDALE UFSD
576,90,77453.1,18953.56,4,14.7,SCHALMONT CSD
577,74,59576.0,18266.0,11,79.6,SCHENECTADY CITY SCHOOL DISTRICT
578,81,60163.8,21163.27,9,5.8,SCHENEVUS CSD
579,97,91121.2,21104.26,0,7.9,SCHODACK CSD
580,89,66572.6,20304.39,4,5.5,SCHOHARIE CSD
581,100,63459.4,25128.01,0,1.5,SCHROON LAKE CSD
582,96,74302.6,19497.47,2,4.9,SCHUYLERVILLE CSD
583,81,47109.7,25594.63,16,3.0,SCIO CSD
584,88,63474.5,19185.24,6,10.3,SCOTIA-GLENVILLE CSD
585,95,137155.0,26115.27,2,12.4,SEAFORD UFSD
586,87,53409.0,16786.23,6,17.9,SENECA FALLS CSD
588,94,55067.4,38377.69,6,7.1,SHARON SPRINGS CSD
589,96,98213.0,48559.74,4,33.9,SHELTER ISLAND UFSD
590,92,89906.0,15279.98,3,25.3,SHENENDEHOWA CSD
591,86,52390.4,20802.82,3,3.9,SHERBURNE-EARLVILLE CSD
592,91,55302.8,20545.12,3,4.0,SHERMAN CSD
593,95,66556.1,16933.8,3,5.2,SHERRILL CITY SCHOOL DISTRICT
594,94,107032.2,26463.85,1,13.3,SHOREHAM-WADING RIVER CSD
595,93,49572.9,19569.51,4,13.3,SIDNEY CSD
596,89,49337.0,19547.02,4,28.8,SILVER CREEK CSD
597,94,72358.3,19456.71,2,6.0,SKANEATELES CSD
598,95,122502.7,24979.97,0,19.6,SMITHTOWN CSD
599,86,58886.4,20747.89,4,40.6,SODUS CSD
600,89,58748.0,18811.28,1,28.6,SOLVAY UFSD
601,94,140010.2,27456.96,0,16.9,SOMERS CSD
602,94,79064.1,18621.48,2,35.5,SOUTH COLONIE CSD
603,83,91574.8,26730.96,8,63.1,SOUTH COUNTRY CSD
604,88,72290.7,15609.87,5,8.5,SOUTH GLENS FALLS CSD
605,89,126591.0,23839.17,3,62.1,SOUTH HUNTINGTON UFSD
606,88,62194.0,15009.88,3,6.0,SOUTH JEFFERSON CSD
607,94,59543.1,20685.26,0,7.3,SOUTH KORTRIGHT CSD
608,85,57142.7,21091.9,6,5.1,SOUTH LEWIS CSD
609,93,122988.0,27002.95,2,32.4,SOUTH ORANGETOWN CSD
610,90,60471.5,28768.85,7,5.0,SOUTH SENECA CSD
611,89,126957.2,35375.27,2,55.6,SOUTHAMPTON UFSD
612,86,70813.8,20456.5,9,17.5,SOUTHERN CAYUGA CSD
613,87,97076.0,34388.43,9,37.7,SOUTHOLD UFSD
614,92,52045.2,16269.54,4,12.2,SOUTHWESTERN CSD AT JAMESTOWN
615,90,68081.0,28094.81,4,41.9,SPACKENKILL UFSD
616,81,57482.9,21091.38,8,5.1,SPENCER-VAN ETTEN CSD
617,91,70703.0,18387.91,4,20.4,SPENCERPORT CSD
621,71,53572.1,25978.35,10,7.2,STAMFORD CSD
622,93,69500.0,14872.59,3,6.8,STARPOINT CSD
623,84,82021.4,19288.45,11,5.7,STILLWATER CSD
624,90,55979.5,20271.97,7,7.3,STOCKBRIDGE VALLEY CSD
625,92,91666.0,27125.39,4,49.2,SUFFERN CSD
626,90,63396.9,26133.65,8,15.1,SULLIVAN WEST CSD
627,87,54191.2,20962.12,7,10.4,SUSQUEHANNA VALLEY CSD
628,94,74452.6,19798.51,3,37.7,SWEET HOME CSD
629,99,151591.5,30765.31,0,47.9,SYOSSET CSD
630,71,49428.5,19030.39,11,78.1,SYRACUSE CITY SCHOOL DISTRICT
631,75,71588.8,24336.16,12,20.2,TACONIC HILLS CSD
632,95,57228.6,19397.93,3,8.4,THOUSAND ISLANDS CSD
633,96,124953.4,31655.63,1,22.9,THREE VILLAGE CSD
634,91,80308.2,23812.19,5,1.9,TICONDEROGA CSD
635,91,59570.1,15563.69,4,2.9,TIOGA CSD
636,93,58954.0,16138.8,3,13.0,TONAWANDA CITY SCHOOL DISTRICT
637,100,65457.2,26872.8,0,3.5,TOWN OF WEBB UFSD
638,75,58629.6,27786.88,19,18.9,TRI-VALLEY CSD
639,88,57325.0,19801.65,7,60.3,TROY CITY SCHOOL DISTRICT
640,91,56880.2,20889.47,0,14.6,TRUMANSBURG CSD
642,99,110517.8,25010.58,0,33.6,TUCKAHOE UFSD
643,81,72185.5,19646.46,3,6.5,TULLY CSD
644,89,55435.5,20549.25,2,6.0,TUPPER LAKE CSD
645,100,103987.0,45079.45,0,35.6,TUXEDO UFSD
647,84,53665.1,22294.87,3,4.5,UNADILLA VALLEY CSD
648,94,66015.2,18831.95,0,10.4,UNION SPRINGS CSD
649,88,57793.5,18861.64,5,32.1,UNION-ENDICOTT CSD
650,78,111490.7,24253.37,11,98.5,UNIONDALE UFSD
651,73,55937.3,15176.09,13,70.9,UTICA CITY SCHOOL DISTRICT
652,93,106481.0,30131.68,1,46.0,VALHALLA UFSD
653,92,91179.4,21709.36,4,39.5,VALLEY CSD (MONTGOMERY)
659,93,65047.7,18422.74,2,22.8,VESTAL CSD
660,95,82661.3,13662.02,2,17.4,VICTOR CSD
661,96,96354.5,17552.5,2,10.0,VOORHEESVILLE CSD
663,90,77384.9,21761.44,3,34.8,WALLKILL CSD
664,86,54078.0,20436.21,11,4.4,WALTON CSD
665,98,143313.0,24819.0,0,14.9,WANTAGH UFSD
666,94,90151.1,19359.75,3,31.2,WAPPINGERS CSD
667,85,64830.4,23590.05,8,6.3,WARRENSBURG CSD
668,92,59166.6,18447.56,7,8.4,WARSAW CSD
669,95,101545.5,18948.67,1,25.2,WARWICK VALLEY CSD
670,94,104425.2,20640.42,2,40.3,WASHINGTONVILLE CSD
671,90,70068.0,23921.21,5,10.0,WATERFORD-HALFMOON UFSD
672,90,54392.7,20639.44,4,12.5,WATERLOO CSD
673,77,53675.7,14799.55,14,30.8,WATERTOWN CITY SCHOOL DISTRICT
674,93,69413.4,19097.1,0,2.6,WATERVILLE CSD
675,88,52722.0,13712.89,7,54.3,WATERVLIET CITY SCHOOL DISTRICT
676,95,59327.6,21000.88,1,8.6,WATKINS GLEN CSD
677,90,54707.5,17881.28,8,4.9,WAVERLY CSD
678,94,56342.6,19889.88,4,3.6,WAYLAND-COHOCTON CSD
679,92,80629.7,18290.82,4,6.9,WAYNE CSD
680,95,75512.0,17463.98,1,17.3,WEBSTER CSD
681,96,57784.0,21378.37,2,8.0,WEEDSPORT CSD
682,89,61267.0,32101.51,6,3.0,WELLS CSD
683,82,54473.6,19328.04,6,5.6,WELLSVILLE CSD
684,92,108718.3,24688.51,4,41.9,WEST BABYLON UFSD
685,96,58483.0,21996.67,2,4.0,WEST CANADA VALLEY CSD
686,95,76938.0,16351.6,0,14.1,WEST GENESEE CSD
687,89,110161.0,27633.69,6,77.2,WEST HEMPSTEAD UFSD
688,93,51638.0,17041.73,2,29.8,WEST IRONDEQUOIT CSD
689,98,116003.0,24902.21,0,17.2,WEST ISLIP UFSD
690,91,59280.0,16393.8,4,15.0,WEST SENECA CSD
691,79,58744.2,36386.31,14,4.7,WEST VALLEY CSD
692,84,152112.0,24100.6,11,98.0,WESTBURY UFSD
693,80,49503.3,22096.84,4,9.3,WESTFIELD CSD
694,93,113387.3,25836.22,3,35.7,WESTHAMPTON BEACH UFSD
695,96,66212.5,17204.54,3,16.4,WESTHILL CSD
696,95,65308.9,20977.82,0,5.0,WESTMORELAND CSD
697,88,67558.0,24615.3,3,30.2,WHEATLAND-CHILI CSD
699,91,106715.3,27671.34,3,78.1,WHITE PLAINS CITY SCHOOL DISTRICT
700,76,64743.8,20970.97,16,2.8,WHITEHALL CSD
701,94,65544.6,17518.67,4,10.1,WHITESBORO CSD
702,93,45024.7,25735.4,0,2.8,WHITESVILLE CSD
703,78,55161.9,20246.09,6,3.0,WHITNEY POINT CSD
704,89,93855.7,20200.92,4,59.9,WILLIAM FLOYD UFSD
705,94,71056.0,18664.46,1,18.9,WILLIAMSON CSD
706,95,89129.3,16128.34,2,26.9,WILLIAMSVILLE CSD
707,80,60185.2,29014.65,5,8.7,WILLSBORO CSD
708,91,63643.7,19651.21,8,9.0,WILSON CSD
709,95,53107.0,30935.23,5,15.5,WINDHAM-ASHLAND-JEWETT CSD
710,92,55349.8,20400.27,4,9.0,WINDSOR CSD
711,100,54057.5,22629.71,0,2.5,WORCESTER CSD
712,56,98069.0,21454.95,17,99.0,WYANDANCH UFSD
715,91,94866.4,18820.45,3,84.5,YONKERS CITY SCHOOL DISTRICT
716,97,61273.5,19869.81,2,5.4,YORK CSD
717,89,58648.5,17445.73,6,5.0,YORKSHIRE-PIONEER CSD
718,97,115881.2,24424.21,1,27.8,YORKTOWN CSD
